model,year,price,transmission,mileage,fuelType,tax,mpg,engineSize
Fiesta,2021,22837,Manual,20017,Petrol,120,60.2,2.5
Fiesta,2018,15312,Manual,30707,Hybrid,157,48.3,1.1
Focus,2019,13320,Manual,39110,Diesel,258,41.6,2.7
Fiesta,2021,21216,Manual,17343,Petrol,209,66,2.2
Fiesta,2017,10779,Automatic,38827,Petrol,238,34.6,2.1
Fiesta,2022,25308,Manual,41652,Diesel,279,68.2,2.2
Fiesta,2019,9581,Manual,5655,Hybrid,242,42.6,2.7
Fiesta,2019,27708,Manual,44859,Petrol,234,65.5,2.2
Focus,2021,20677,Manual,53625,Diesel,127,54.1,2.2
Fiesta,2016,13713,Manual,52098,Petrol,150,63.1,3
Fiesta,2017,24639,Manual,15251,Hybrid,285,69.4,2.5
Fiesta,2021,12804,Manual,56877,Diesel,104,41.5,1.9
Fiesta,2017,26222,Automatic,526,Diesel,104,68.4,2.4
Fiesta,2017,18136,Manual,3224,Hybrid,193,45.6,1.8
Fiesta,2022,8009,Manual,47837,Hybrid,195,45.4,1.5
Fiesta,2019,27255,Automatic,59597,Petrol,107,43.6,2.2
Focus,2018,13124,Manual,11536,Diesel,163,51.7,2.9
Fiesta,2022,9015,Manual,28541,Petrol,237,36.2,2.9
Focus,2022,10193,Automatic,13547,Diesel,137,52.1,1.7
Focus,2017,16415,Manual,51027,Petrol,210,51.7,2.1
Fiesta,2020,21550,Manual,34531,Diesel,211,60.5,1.4
Fiesta,2019,22512,Manual,8712,Hybrid,180,63.3,3
Focus,2016,12158,Manual,38565,Petrol,235,47.6,3
Focus,2022,28309,Manual,9208,Diesel,203,42.1,2.3
Focus,2018,14970,Automatic,56251,Diesel,252,40.4,2.6
Fiesta,2020,14938,Manual,5109,Petrol,172,37.8,2.4
Fiesta,2020,29168,Automatic,55796,Hybrid,293,32.3,2.2
Focus,2016,21772,Manual,49268,Hybrid,277,43.7,1.1
Fiesta,2022,28384,Manual,35201,Petrol,294,40.8,1.9
Fiesta,2018,26017,Automatic,54615,Petrol,148,68.7,2.3
Focus,2019,18344,Manual,16967,Diesel,135,52.3,2.4
Fiesta,2015,15266,Manual,57738,Diesel,225,43.9,1.7
Focus,2018,16702,Automatic,29759,Hybrid,167,53.2,2.9
Focus,2016,8384,Manual,20172,Hybrid,177,35.6,1.3
Focus,2020,8404,Manual,36935,Hybrid,204,47.8,2
Fiesta,2019,16175,Automatic,57617,Petrol,268,55,2.4
Focus,2018,23158,Automatic,26589,Petrol,221,49.6,2.4
Fiesta,2015,20763,Automatic,30015,Petrol,218,46.1,2.3
Focus,2015,26384,Manual,29009,Hybrid,289,69.8,1.6
Fiesta,2017,17860,Automatic,17773,Hybrid,213,65.2,1.3
Focus,2017,13989,Manual,41125,Hybrid,109,54.9,2.3
Focus,2021,23106,Manual,26143,Hybrid,248,52.8,2.2
Fiesta,2016,25844,Automatic,6154,Petrol,263,54.8,1.4
Fiesta,2022,11636,Automatic,21804,Diesel,239,38.1,2.4
Fiesta,2018,18916,Manual,41688,Petrol,190,45.8,1.9
Fiesta,2018,12809,Manual,51195,Diesel,101,31.6,2.3
Focus,2022,28562,Automatic,20581,Diesel,217,49,2.7
Fiesta,2021,21456,Automatic,52648,Petrol,112,51.7,1.3
Fiesta,2020,23444,Automatic,30087,Petrol,280,39.1,1
Fiesta,2020,13997,Manual,49930,Petrol,259,68.6,2.6
Focus,2021,10048,Automatic,32981,Hybrid,194,66.4,2.2
Focus,2020,20338,Automatic,3762,Petrol,243,58.9,2.4
Focus,2017,29164,Manual,46167,Hybrid,131,51.3,2.7
Focus,2018,25100,Manual,9768,Diesel,131,64.8,2.6
Fiesta,2021,29949,Automatic,43408,Petrol,223,35.2,2.9
Focus,2018,12544,Manual,39499,Hybrid,110,61.6,2.1
Focus,2022,12976,Manual,52269,Hybrid,109,35,2
Fiesta,2015,20775,Manual,38559,Hybrid,114,61.8,1.8
Focus,2017,18015,Automatic,48590,Petrol,116,41,1.3
Fiesta,2019,11419,Automatic,8783,Diesel,267,65.1,2.1
Fiesta,2017,22430,Automatic,46389,Petrol,245,67.8,1.6
Fiesta,2021,15239,Automatic,29781,Hybrid,282,36,2.8
Fiesta,2019,22489,Automatic,30811,Diesel,300,48.5,2.2
Focus,2015,24633,Automatic,48787,Diesel,252,69.2,2.2
Focus,2021,18357,Manual,35488,Diesel,158,49.3,1.7
Focus,2016,25154,Manual,8905,Diesel,177,64.5,1.1
Fiesta,2018,12363,Manual,9127,Hybrid,223,53.5,1.1
Focus,2015,18176,Automatic,22431,Hybrid,213,45,1.8
Fiesta,2018,25461,Automatic,57184,Diesel,121,41.4,1.2
Fiesta,2020,16427,Manual,49153,Diesel,257,38.1,2.2
Fiesta,2016,16580,Automatic,6368,Diesel,271,60.5,2.8
Focus,2016,12858,Automatic,27424,Diesel,131,45.5,2.8
Focus,2015,18040,Automatic,46824,Hybrid,278,50.5,2.3
Focus,2016,29103,Automatic,45004,Diesel,273,49.7,1.4
Fiesta,2019,27198,Automatic,18333,Diesel,212,53.1,2.7
Fiesta,2016,27758,Manual,23116,Petrol,219,64.6,2.8
Focus,2018,23254,Automatic,47219,Hybrid,248,69.2,1.4
Fiesta,2018,19470,Automatic,56985,Diesel,221,46.3,2.5
Focus,2021,9252,Automatic,50069,Diesel,131,63.1,1.6
Focus,2018,14996,Automatic,52326,Petrol,218,60.6,2.6
Focus,2021,20173,Automatic,43201,Diesel,138,52.9,3
Fiesta,2018,12673,Manual,15525,Diesel,111,68.2,1.1
Focus,2019,28914,Automatic,23398,Diesel,274,38,2.8
Fiesta,2022,23781,Manual,32857,Petrol,117,34.4,2.2
Fiesta,2021,21051,Manual,50861,Hybrid,248,64.2,2.9
Focus,2017,14881,Manual,10361,Petrol,240,47.6,1.9
Focus,2020,14949,Manual,16369,Hybrid,248,63.9,2.7
Focus,2015,17521,Automatic,3041,Petrol,225,65.7,1.1
Focus,2018,16017,Manual,105,Petrol,235,32.5,1.7
Fiesta,2016,14941,Automatic,9078,Diesel,145,65.3,1.1
Fiesta,2022,18209,Manual,25003,Hybrid,203,47.9,3
Focus,2018,25715,Manual,51047,Hybrid,234,50.4,2.6
Fiesta,2016,28645,Automatic,6090,Hybrid,250,55.1,2.7
Fiesta,2020,17550,Manual,57660,Hybrid,185,67.1,2.9
Fiesta,2020,29499,Automatic,38850,Diesel,249,30.8,1.2
Fiesta,2020,12637,Automatic,49786,Diesel,188,49.1,1.8
Fiesta,2016,12854,Automatic,1925,Petrol,121,57.5,1.1
Focus,2018,27561,Manual,18440,Petrol,191,58.9,1.4
Fiesta,2020,18320,Automatic,39685,Diesel,128,57.7,1.5
Focus,2019,26564,Automatic,52296,Petrol,112,35.4,1.9
Focus,2021,12892,Automatic,59614,Diesel,101,42,1.5
Focus,2016,15043,Manual,26015,Hybrid,128,44.3,1.2
Focus,2016,24521,Manual,33320,Petrol,279,62.2,1.3
Fiesta,2018,27856,Manual,25291,Diesel,126,41.2,1.3
Fiesta,2016,29833,Automatic,54535,Hybrid,149,38.4,2.9
Focus,2016,27216,Manual,36679,Hybrid,194,68.3,2.5
Focus,2020,27963,Manual,26289,Hybrid,250,30.4,2.9
Fiesta,2018,12164,Automatic,3389,Diesel,187,69.9,1.9
Focus,2020,15941,Automatic,25683,Diesel,143,57.1,1.6
Focus,2021,22388,Manual,13629,Diesel,121,63.1,2.6
Fiesta,2022,13569,Automatic,24826,Hybrid,270,41.8,1.7
Focus,2021,12300,Manual,35198,Hybrid,264,30.6,1.6
Fiesta,2022,14269,Automatic,26630,Hybrid,288,59.5,1.5
Focus,2020,11818,Manual,33226,Diesel,196,63.4,1.3
Fiesta,2021,20015,Automatic,46163,Diesel,283,59.6,1.5
Fiesta,2018,20234,Manual,32975,Petrol,102,35.7,1.7
Focus,2015,26290,Manual,899,Hybrid,290,60.1,2.3
Fiesta,2020,14254,Automatic,11653,Diesel,217,60.8,1.1
Fiesta,2022,25144,Automatic,27961,Petrol,118,56.3,1.4
Focus,2019,15350,Automatic,16405,Petrol,122,60.6,2.6
Fiesta,2022,23183,Automatic,8601,Hybrid,256,63.8,1.3
Fiesta,2019,14238,Manual,33662,Hybrid,129,54.5,1.7
Focus,2016,14090,Manual,33282,Diesel,138,33.5,2.7
Focus,2021,19637,Manual,56446,Petrol,207,49.5,1.3
Fiesta,2019,20647,Automatic,21288,Hybrid,210,33.1,1.2
Fiesta,2022,17911,Manual,57019,Hybrid,124,46.3,2
Focus,2016,16472,Manual,29545,Petrol,227,46.3,1.6
Focus,2015,26271,Manual,36877,Hybrid,210,32.6,2.1
Fiesta,2018,11266,Manual,46026,Petrol,235,44,2.6
Fiesta,2018,8666,Manual,15313,Petrol,205,34.4,1.3
Fiesta,2018,12188,Automatic,15349,Hybrid,285,62.3,2.2
Fiesta,2019,25055,Automatic,7179,Petrol,243,67.9,2
Fiesta,2015,18161,Automatic,10326,Petrol,171,32.9,1.3
Focus,2019,19314,Automatic,44555,Diesel,228,68.2,2.2
Fiesta,2021,29508,Manual,1560,Petrol,207,50.9,1.5
Fiesta,2019,29969,Automatic,13612,Hybrid,104,42,2
Fiesta,2015,20891,Automatic,17650,Petrol,102,33.1,1.2
Focus,2015,12777,Automatic,26745,Petrol,292,50,1.9
Fiesta,2021,11900,Manual,31890,Hybrid,231,61.8,1.6
Focus,2015,21716,Manual,20022,Petrol,203,58.3,2.6
Focus,2022,14981,Manual,58093,Petrol,163,32,1.1
Fiesta,2015,14376,Manual,52579,Petrol,205,32.9,1.8
Fiesta,2018,24907,Manual,4780,Hybrid,197,46.1,1.9
Focus,2022,26777,Manual,18311,Diesel,109,41.8,2.5
Focus,2022,26977,Automatic,28380,Diesel,248,39.3,2.1
Focus,2021,18160,Automatic,44662,Petrol,227,41.2,2.3
Focus,2017,22124,Automatic,2356,Hybrid,145,62.1,2.6
Focus,2017,24282,Automatic,4790,Hybrid,254,67.2,2.7
Fiesta,2015,18488,Automatic,26911,Hybrid,165,46.2,1.6
Fiesta,2022,13240,Automatic,49458,Hybrid,268,66.2,2.1
Fiesta,2017,18453,Automatic,24363,Diesel,211,42.9,2.7
Fiesta,2017,18478,Manual,20049,Hybrid,112,49.1,3
Focus,2015,20394,Manual,10181,Diesel,236,39,2.8
Fiesta,2017,27262,Automatic,39825,Petrol,263,55.6,1.7
Fiesta,2019,28527,Automatic,16082,Petrol,185,69.2,1.4
Fiesta,2016,28028,Manual,661,Hybrid,189,54.1,2
Fiesta,2021,12432,Automatic,37412,Hybrid,157,44.3,2.5
Fiesta,2016,21568,Automatic,48479,Diesel,153,55.9,2
Fiesta,2015,22178,Automatic,57655,Petrol,111,34.9,2
Fiesta,2018,25660,Manual,2920,Petrol,113,65.5,2.7
Fiesta,2021,8302,Manual,25658,Hybrid,220,50.1,1.7
Fiesta,2015,25022,Automatic,48770,Hybrid,261,48,2.7
Focus,2022,8055,Manual,14025,Diesel,280,53.4,1.8
Fiesta,2018,21013,Manual,8946,Hybrid,220,55,1.7
Fiesta,2016,16717,Manual,28706,Diesel,119,32.9,1.9
Focus,2015,16150,Automatic,45500,Petrol,174,57.3,2.5
Focus,2022,10125,Manual,39004,Hybrid,243,39.7,1.3
Fiesta,2021,19479,Manual,16309,Hybrid,169,58.6,1.4
Fiesta,2021,23745,Automatic,55230,Hybrid,155,62.9,2.9
Focus,2020,24748,Automatic,46286,Diesel,200,62.2,1.4
Fiesta,2022,14809,Automatic,33120,Petrol,285,52.1,2.1
Focus,2019,12621,Manual,58246,Petrol,231,50.8,2.2
Focus,2017,23034,Manual,30027,Petrol,210,35.7,2
Fiesta,2018,21623,Automatic,7005,Hybrid,224,61,2.3
Fiesta,2022,13126,Automatic,46804,Petrol,231,40.9,1.5
Fiesta,2020,13122,Manual,49310,Petrol,119,49.9,2.1
Focus,2017,26030,Manual,59321,Petrol,237,41.4,1.7
Focus,2017,25302,Automatic,956,Hybrid,123,35.4,2.3
Focus,2015,27181,Manual,34839,Hybrid,253,55.2,1.3
Focus,2017,13870,Automatic,8595,Diesel,136,32.2,2.1
Focus,2019,9531,Manual,47908,Diesel,153,59.9,1.4
Fiesta,2021,16172,Automatic,12803,Diesel,202,42.7,1.6
Fiesta,2020,27729,Manual,25963,Diesel,248,30,1.4
Fiesta,2017,15673,Automatic,36221,Petrol,137,50.4,1.4
Focus,2015,14882,Manual,39443,Diesel,273,31.9,2.7
Focus,2019,9906,Automatic,33723,Diesel,103,41,1.6
Fiesta,2016,11086,Manual,39063,Diesel,287,58.3,2.9
Fiesta,2021,21503,Automatic,48689,Hybrid,156,32.5,2.9
Fiesta,2021,16152,Automatic,50864,Petrol,272,63.6,2.1
Fiesta,2020,13750,Automatic,15282,Hybrid,119,30.2,1.3
Focus,2021,20772,Automatic,4703,Petrol,116,39.9,1.7
Fiesta,2017,18267,Automatic,6563,Diesel,218,59.6,2.6
Focus,2015,9062,Manual,25849,Hybrid,170,42.7,1.7
Fiesta,2021,26360,Automatic,31860,Petrol,103,34.1,1.2
Focus,2021,25680,Manual,31585,Hybrid,113,44.4,2.1
Focus,2016,14229,Automatic,22015,Hybrid,102,40.8,2.7
Fiesta,2016,24509,Manual,12003,Petrol,179,63.7,2.6
Fiesta,2018,23147,Automatic,43585,Petrol,285,42.5,1.4
Focus,2019,12632,Automatic,26958,Diesel,154,61.6,2.3
Fiesta,2017,14288,Manual,26017,Diesel,231,65.7,1.4
Fiesta,2021,11596,Automatic,11171,Diesel,219,47.4,1.4
Fiesta,2022,19475,Manual,59141,Hybrid,123,66.4,2.7
Fiesta,2021,14168,Manual,45350,Diesel,261,45.1,1.5
Fiesta,2015,17795,Automatic,12201,Petrol,257,68.6,1.5
Fiesta,2018,15561,Automatic,29426,Hybrid,181,33.6,1
Focus,2019,16258,Manual,17778,Petrol,246,57.5,2.7
Focus,2022,24616,Automatic,45241,Hybrid,258,49.8,2.6
Focus,2018,14371,Automatic,42229,Petrol,287,45.5,2.3
Fiesta,2020,28590,Automatic,21116,Petrol,159,55.3,2.5
Focus,2019,22369,Manual,52866,Diesel,246,58.2,1.3
Fiesta,2021,20910,Automatic,48364,Diesel,148,30.2,1.9
Fiesta,2021,15943,Manual,33297,Hybrid,162,36.7,1.7
Focus,2019,20199,Manual,19342,Diesel,209,58.5,1.2
Fiesta,2021,23728,Manual,57056,Hybrid,249,56.7,2
Focus,2017,14738,Manual,27490,Petrol,251,68.6,2.8
Focus,2019,23913,Automatic,19975,Hybrid,208,60.4,1.1
Focus,2018,10472,Automatic,26723,Petrol,175,68,1.6
Focus,2019,27123,Manual,23279,Petrol,129,58.1,1.4
Focus,2022,29785,Manual,12765,Petrol,157,41.9,1.5
Focus,2021,23679,Manual,46678,Hybrid,216,34.2,2.8
Fiesta,2017,9761,Manual,11561,Hybrid,258,61.3,1.9
Fiesta,2017,18167,Automatic,41899,Diesel,199,55.8,1.9
Focus,2020,18554,Manual,525,Diesel,291,31.9,2.5
Fiesta,2018,25260,Manual,22861,Petrol,118,44.4,1.3
Fiesta,2016,22277,Manual,49153,Petrol,275,68.3,2
Fiesta,2016,11812,Manual,33142,Hybrid,272,50,1.9
Focus,2019,25844,Manual,26916,Diesel,193,47.3,2.2
Fiesta,2020,26117,Automatic,44965,Hybrid,282,48.3,3
Fiesta,2015,9605,Automatic,4648,Hybrid,212,38.4,2.5
Focus,2019,13622,Automatic,35133,Hybrid,282,44.7,1.8
Fiesta,2020,14767,Automatic,50677,Petrol,245,44.8,2.7
Fiesta,2018,19613,Automatic,30523,Petrol,162,32.1,1.3
Fiesta,2018,27901,Manual,29052,Diesel,215,60.7,1.1
Fiesta,2018,18589,Automatic,34414,Petrol,212,46.7,1.4
Fiesta,2018,21918,Manual,32781,Petrol,146,62.9,1.7
Fiesta,2018,28119,Automatic,4599,Hybrid,156,64,2
Fiesta,2020,21046,Automatic,35046,Petrol,217,38.5,2.2
Focus,2020,10590,Automatic,47064,Hybrid,144,56.3,2.8
Fiesta,2017,25447,Automatic,35923,Diesel,260,48.9,2
Fiesta,2022,12324,Manual,41089,Petrol,244,65.2,2
Fiesta,2016,18787,Automatic,3814,Diesel,297,38.6,1.1
Fiesta,2021,17111,Manual,45893,Petrol,103,57.1,1.1
Focus,2018,13342,Automatic,35984,Hybrid,247,54.3,2.1
Focus,2015,24389,Automatic,26616,Petrol,146,41.8,1.9
Focus,2021,16659,Automatic,57371,Hybrid,242,35.5,2.7
Fiesta,2020,22043,Manual,2113,Diesel,297,56.1,1.3
Focus,2015,16837,Manual,58596,Hybrid,146,59.5,1
Fiesta,2015,8117,Automatic,53508,Hybrid,177,42.6,1.9
Focus,2015,21917,Automatic,43006,Diesel,223,55.8,1.5
Focus,2017,26935,Manual,13760,Diesel,174,45.8,1.1
Fiesta,2020,22309,Manual,21927,Hybrid,202,58.5,2.4
Focus,2015,21234,Automatic,20939,Petrol,236,38,1.2
Focus,2018,13560,Automatic,32419,Hybrid,189,65.6,2.2
Focus,2019,28673,Manual,12588,Hybrid,243,41.5,1.6
Fiesta,2015,8846,Automatic,56214,Petrol,168,44.7,1.3
Fiesta,2017,18954,Manual,36142,Hybrid,160,32.3,1.8
Focus,2021,21703,Automatic,39198,Hybrid,237,34.5,2.6
Fiesta,2020,23385,Automatic,52618,Diesel,149,50.6,1.8
Fiesta,2022,21746,Manual,52233,Petrol,102,40.7,2.5
Fiesta,2017,14469,Manual,44738,Petrol,206,63.4,1.3
Focus,2015,17333,Automatic,33397,Diesel,212,30.6,2.5
Fiesta,2020,24608,Manual,16653,Petrol,193,45.2,1.5
Focus,2019,20819,Automatic,10831,Petrol,217,43.5,2.4
Fiesta,2015,12208,Manual,59337,Diesel,297,30.8,2.1
Fiesta,2017,14283,Manual,5724,Hybrid,180,35,2.9
Focus,2016,10048,Manual,55049,Hybrid,208,46.5,1.8
Focus,2018,14233,Manual,11083,Hybrid,150,49.7,1.1
Fiesta,2022,20941,Automatic,45917,Diesel,246,46.2,1
Focus,2021,20607,Automatic,19816,Diesel,269,51.2,2.7
Focus,2017,17765,Manual,42240,Petrol,134,53.8,2
Fiesta,2020,9828,Automatic,6276,Hybrid,145,30.4,2.6
Focus,2022,9917,Automatic,48403,Diesel,253,48.6,1.5
Fiesta,2022,28618,Automatic,38663,Diesel,168,68.5,1.7
Fiesta,2022,14988,Automatic,13994,Diesel,192,50.8,1.1
Focus,2015,26410,Automatic,23499,Petrol,163,57.1,2.9
Fiesta,2018,22594,Automatic,23040,Diesel,264,42.5,2.3
Fiesta,2015,28128,Manual,43320,Hybrid,148,61,2.9
Fiesta,2020,20977,Automatic,16959,Diesel,248,60.9,1.5
Focus,2015,8009,Manual,56181,Diesel,173,50.9,2.2
Focus,2016,24644,Automatic,6099,Petrol,291,69,2.4
Fiesta,2018,17865,Manual,42267,Hybrid,104,35,1.6
Focus,2018,10219,Automatic,19576,Hybrid,199,30.7,2.7
Fiesta,2020,15041,Automatic,35946,Hybrid,169,60.8,2.9
Focus,2021,26444,Automatic,55204,Diesel,189,62.3,2.8
Focus,2016,13287,Manual,51886,Petrol,103,34.8,2.5
Focus,2017,9619,Automatic,6116,Hybrid,225,40.6,1.6
Fiesta,2015,16512,Manual,15563,Diesel,138,30.7,1.6
Fiesta,2019,9342,Manual,26788,Petrol,262,41.7,2.9
Focus,2015,18568,Automatic,26928,Hybrid,228,60.9,1
Focus,2022,27216,Automatic,36336,Petrol,123,50.7,2.4
Fiesta,2015,27208,Automatic,9847,Petrol,156,43.9,2.4
Fiesta,2017,26378,Manual,26155,Diesel,199,44.9,2.2
Focus,2015,22231,Manual,14135,Petrol,169,30.1,3
Fiesta,2016,11490,Automatic,51355,Diesel,140,42,1.6
Focus,2016,17310,Automatic,17774,Hybrid,281,55.9,1.7
Fiesta,2018,15984,Automatic,1742,Hybrid,273,69,1.2
Focus,2020,25988,Manual,18309,Petrol,159,63.9,1.9
Focus,2021,20219,Manual,619,Hybrid,207,30.9,1.5
Fiesta,2019,8235,Automatic,17658,Diesel,287,65.9,1.7
Fiesta,2022,18161,Automatic,50108,Diesel,156,61.3,2.7
Fiesta,2015,9908,Manual,34707,Diesel,130,61.2,2.9
Fiesta,2015,16567,Automatic,20337,Petrol,183,48.3,1.4
Fiesta,2017,11530,Automatic,59725,Petrol,251,45.9,1.7
Focus,2020,13256,Manual,16001,Petrol,135,42.1,2.9
Fiesta,2016,27019,Manual,968,Diesel,257,32.6,1.1
Focus,2019,16162,Automatic,47614,Diesel,251,39.1,1.2
Fiesta,2018,26944,Automatic,25892,Diesel,207,39.9,1.3
Fiesta,2016,13415,Manual,25619,Diesel,205,49.4,2.2
Focus,2022,11391,Manual,281,Petrol,257,59.9,1.3
Focus,2020,19157,Manual,27420,Petrol,185,49,2.9
Fiesta,2022,13951,Manual,15360,Petrol,234,32.3,1.9
Focus,2021,29852,Manual,39030,Petrol,262,68.3,2
Fiesta,2018,16007,Automatic,1058,Diesel,282,67.7,1.5
Fiesta,2021,17064,Manual,20677,Diesel,113,61.4,1.9
Fiesta,2017,29204,Manual,10724,Hybrid,219,69.7,2.3
Focus,2022,23524,Automatic,28404,Hybrid,237,51.8,2.5
Focus,2017,27282,Manual,37946,Hybrid,179,68.5,2.5
Fiesta,2015,8077,Automatic,39748,Diesel,243,33,2.2
Fiesta,2021,15577,Manual,29856,Petrol,281,44.6,2.8
Fiesta,2020,28611,Manual,9200,Petrol,205,39,2.6
Fiesta,2022,24984,Manual,33997,Petrol,169,37.8,2.5
Focus,2019,22060,Manual,25611,Diesel,143,35.6,1.1
Fiesta,2018,25449,Automatic,53737,Hybrid,172,54.9,1
Fiesta,2016,26520,Manual,41235,Petrol,144,61.3,1.4
Focus,2020,18535,Automatic,51892,Hybrid,283,53.1,2.3
Focus,2020,17510,Automatic,35057,Hybrid,206,35.9,1.8
Fiesta,2017,14943,Manual,1239,Diesel,183,62.4,1.8
Focus,2021,19954,Automatic,38138,Diesel,181,55.4,2.8
Fiesta,2022,15804,Automatic,48938,Petrol,206,45.5,2.8
Fiesta,2022,14565,Automatic,125,Diesel,284,57,2.8
Focus,2015,13984,Manual,45272,Diesel,120,40.4,1.6
Fiesta,2015,29526,Manual,23857,Diesel,295,43.8,2.4
Focus,2018,12670,Automatic,58552,Petrol,277,66.7,1.5
Fiesta,2017,26574,Automatic,15398,Hybrid,260,41.6,1.4
Fiesta,2020,17184,Manual,54494,Hybrid,106,48.8,1.4
Focus,2022,27096,Automatic,56503,Petrol,169,65.6,1.7
Focus,2019,10192,Automatic,6638,Hybrid,226,58.3,1.9
Focus,2017,9248,Automatic,6570,Hybrid,242,32.5,2.7
Fiesta,2018,19246,Automatic,3249,Petrol,259,35.9,1.2
Fiesta,2018,20790,Automatic,9110,Hybrid,247,30.3,2.5
Fiesta,2017,28417,Automatic,40363,Diesel,242,55.2,2.1
Fiesta,2018,26381,Manual,13605,Petrol,275,47.9,1.6
Focus,2017,11687,Manual,12115,Petrol,298,35.4,2
Focus,2016,12018,Manual,39062,Diesel,248,68.3,1.6
Focus,2017,19302,Automatic,22911,Diesel,269,51.2,2.2
Fiesta,2021,9970,Manual,38525,Diesel,253,39.7,1.9
Focus,2017,16389,Automatic,32556,Diesel,219,50,1.3
Focus,2018,25586,Automatic,12595,Petrol,227,57.2,1.2
Focus,2022,29951,Manual,1969,Petrol,241,33,2.1
Focus,2021,23374,Manual,43753,Petrol,156,41,2.8
Fiesta,2018,13788,Automatic,17275,Diesel,264,62.3,1.7
Fiesta,2015,13408,Manual,4470,Diesel,157,48.4,2.5
Focus,2015,17446,Manual,56327,Diesel,120,51.9,2.3
Fiesta,2022,8922,Automatic,10225,Diesel,181,47.3,2.9
Focus,2022,8419,Automatic,42324,Diesel,168,31.8,2.6
Fiesta,2021,26588,Manual,57472,Petrol,230,36.6,2.1
Fiesta,2016,18789,Automatic,41974,Diesel,186,47.8,2.3
Focus,2022,9120,Manual,42759,Diesel,264,38.4,2.8
Focus,2015,19260,Manual,23196,Petrol,148,32,1.8
Focus,2017,25334,Automatic,40287,Hybrid,246,63.7,1.7
Focus,2018,10336,Automatic,13669,Hybrid,214,69.2,1
Fiesta,2015,13373,Manual,37380,Diesel,188,61.7,2.7
Focus,2015,10243,Automatic,58862,Hybrid,184,64.2,2.6
Fiesta,2016,27029,Manual,45141,Hybrid,227,39.7,1.2
Focus,2021,12612,Automatic,50350,Petrol,239,68.4,2.2
Fiesta,2021,21946,Automatic,48320,Diesel,288,37.9,1.9
Focus,2020,26249,Manual,47414,Petrol,268,68.1,1.2
Fiesta,2016,19104,Automatic,38006,Petrol,260,69.8,3
Fiesta,2017,21429,Manual,15577,Diesel,277,58.5,1.4
Focus,2021,14371,Automatic,59818,Petrol,216,69.2,1.1
Focus,2018,14359,Manual,22473,Diesel,295,52.8,2.2
Fiesta,2022,15863,Manual,55409,Diesel,226,40.4,2.5
Focus,2016,11228,Automatic,28625,Hybrid,170,47.5,1.1
Focus,2022,28103,Manual,15504,Diesel,185,53.7,2.3
Fiesta,2015,22382,Automatic,24089,Diesel,132,32.9,2.1
Focus,2018,26755,Manual,36487,Diesel,180,54.9,1.2
Focus,2018,10891,Manual,302,Diesel,251,69.2,1.3
Focus,2015,11756,Manual,31463,Diesel,160,37.6,2.1
Focus,2016,28609,Automatic,44912,Hybrid,160,61.7,1.6
Focus,2015,23770,Automatic,29259,Hybrid,197,66.3,2.9
Focus,2022,24478,Manual,50138,Petrol,127,67.7,2.6
Fiesta,2020,10674,Automatic,42823,Diesel,285,68.4,3
Fiesta,2018,14898,Automatic,37208,Diesel,142,50.9,1.5
Focus,2019,18147,Manual,54061,Hybrid,268,69.1,2.9
Focus,2019,8793,Manual,30659,Hybrid,266,60.3,1.9
Fiesta,2022,10116,Manual,35840,Petrol,185,36.5,1.7
Focus,2017,13779,Automatic,31890,Diesel,276,49.1,1.1
Focus,2021,20298,Manual,13598,Diesel,116,58.7,1.1
Fiesta,2015,22153,Manual,47055,Petrol,197,39.9,2.4
Focus,2015,19111,Automatic,46733,Diesel,297,55.6,1.9
Focus,2017,18789,Manual,19508,Diesel,297,56.7,1.5
Fiesta,2017,19397,Automatic,42287,Diesel,197,36.5,2.2
Focus,2022,20999,Manual,13380,Hybrid,164,52.6,1.5
Focus,2022,8814,Automatic,26984,Hybrid,173,60.9,2.2
Focus,2017,24729,Manual,44633,Hybrid,184,50,1.7
Focus,2018,18541,Manual,8125,Diesel,104,30.5,2.6
Focus,2022,10443,Manual,36059,Hybrid,101,30.4,2.6
Fiesta,2020,18457,Automatic,4033,Petrol,121,44.3,2
Focus,2022,18380,Automatic,37873,Diesel,211,67,1.7
Fiesta,2015,15783,Manual,17087,Diesel,156,39.1,1.7
Fiesta,2022,19473,Manual,40901,Diesel,165,55.4,2.6
Focus,2018,25368,Automatic,49726,Diesel,173,38.9,1.7
Focus,2017,23328,Manual,5704,Diesel,197,42.9,1.4
Fiesta,2015,8827,Manual,7848,Petrol,243,63.9,1.2
Fiesta,2022,27915,Manual,21592,Hybrid,211,59.2,1.9
Focus,2018,15147,Automatic,45743,Petrol,278,33.8,2
Fiesta,2020,12451,Automatic,6924,Hybrid,224,47.1,2.7
Fiesta,2022,23343,Manual,27208,Hybrid,266,31.2,1.4
Fiesta,2018,21635,Automatic,52980,Petrol,185,49.2,1.8
Fiesta,2020,28260,Manual,19614,Hybrid,175,56.5,2.6
Fiesta,2017,13959,Automatic,488,Hybrid,187,34.7,2.6
Fiesta,2022,8126,Manual,39882,Petrol,267,41.6,1.8
Focus,2020,27561,Manual,25923,Hybrid,137,45.9,1.9
Fiesta,2015,16795,Automatic,48508,Diesel,287,66.8,1.6
Focus,2017,19641,Manual,35941,Hybrid,158,69.7,2.9
Focus,2015,29493,Manual,29165,Petrol,237,31.8,1.2
Fiesta,2019,28530,Automatic,1667,Diesel,198,60.4,2.9
Focus,2016,15196,Automatic,26213,Diesel,291,44.9,2.4
Focus,2022,19559,Manual,4114,Hybrid,162,45.7,2.1
Focus,2020,11368,Automatic,36321,Petrol,148,60.2,1.1
Fiesta,2016,11797,Automatic,7761,Diesel,291,66.7,2
Fiesta,2016,23114,Automatic,31116,Hybrid,131,68,1.8
Fiesta,2020,21718,Manual,33768,Diesel,234,53.1,1.3
Fiesta,2017,9792,Automatic,48406,Petrol,120,44.3,2.3
Focus,2022,19053,Manual,25426,Hybrid,119,61.5,2.9
Fiesta,2019,11476,Automatic,17772,Diesel,253,40,2.1
Fiesta,2015,11417,Manual,38218,Petrol,226,52.6,2.4
Focus,2018,9645,Manual,3712,Diesel,167,44.3,1.1
Fiesta,2015,22755,Automatic,1367,Hybrid,209,56.3,1.8
Fiesta,2018,27414,Manual,40957,Petrol,215,39.6,1.2
Fiesta,2015,27256,Manual,41781,Hybrid,242,37.7,2.2
Focus,2020,11072,Automatic,49606,Diesel,219,66.7,2.9
Fiesta,2019,9854,Automatic,26200,Diesel,178,34.1,2.3
Focus,2022,28405,Manual,51924,Petrol,215,50.2,1.2
Focus,2018,12662,Automatic,3726,Diesel,191,38.8,1.7
Focus,2022,14514,Automatic,23616,Hybrid,113,31.6,2.1
Focus,2022,29415,Manual,27723,Diesel,254,31.4,1.8
Focus,2022,10708,Manual,37574,Hybrid,224,37,2.7
Fiesta,2021,19694,Manual,34958,Diesel,267,64.7,2.6
Focus,2017,17524,Automatic,9108,Hybrid,157,41.3,2.2
Focus,2015,27891,Manual,12178,Hybrid,127,68,1.7
Focus,2022,14456,Automatic,35643,Hybrid,125,53.3,1.5
Fiesta,2015,12212,Manual,31324,Diesel,212,47.5,1.2
Focus,2022,21224,Manual,38360,Hybrid,290,53.2,1.7
Focus,2018,15970,Manual,17824,Petrol,165,50.7,1.8
Fiesta,2017,24920,Manual,45360,Diesel,252,60.4,2.4
Focus,2017,9625,Automatic,8927,Hybrid,230,41.3,2.3
Focus,2020,18314,Automatic,28144,Hybrid,299,44.1,1.1
Fiesta,2021,15973,Automatic,31010,Hybrid,143,65.8,1.8
Focus,2020,16577,Automatic,22443,Hybrid,196,67.9,1.4
Fiesta,2020,16070,Automatic,14437,Petrol,141,65.7,1.3
Focus,2020,16666,Manual,44298,Petrol,105,46.8,2.7
Focus,2020,11600,Manual,39778,Petrol,266,61.2,1.1
Focus,2020,14783,Automatic,11207,Hybrid,279,49.1,1.8
Fiesta,2019,21226,Automatic,56269,Hybrid,122,49.9,1.3
Fiesta,2017,17146,Manual,25537,Diesel,188,38.2,2.8
Fiesta,2020,12971,Automatic,35757,Petrol,222,53.6,2.1
Fiesta,2022,21490,Automatic,12040,Hybrid,277,37.4,1.5
Focus,2017,25589,Manual,41986,Hybrid,270,43.3,2
Fiesta,2017,20951,Automatic,22612,Petrol,246,64.2,2.5
Fiesta,2016,20312,Automatic,28441,Hybrid,296,38.3,2.9
Fiesta,2019,9990,Automatic,6471,Hybrid,150,32.8,1.4
Focus,2020,13299,Automatic,35631,Hybrid,110,32.8,2.8
Focus,2015,20997,Automatic,43461,Hybrid,111,67.6,2.9
Focus,2018,27956,Automatic,26523,Diesel,173,50.3,2.8
Focus,2021,21472,Manual,31348,Diesel,107,46.4,2.3
Focus,2022,12380,Automatic,1177,Diesel,251,62.4,2.3
Fiesta,2015,12757,Automatic,4760,Petrol,140,63.4,1.8
Fiesta,2019,27097,Automatic,32779,Petrol,263,43.3,2.5
Focus,2018,18395,Automatic,21636,Petrol,184,57.7,2.1
Focus,2019,24241,Manual,16353,Diesel,171,60.8,2.4
Fiesta,2022,13588,Automatic,53551,Petrol,154,56.2,1.9
Focus,2017,25350,Manual,11556,Hybrid,236,36.1,2.5
Focus,2018,12944,Automatic,27598,Hybrid,146,65,2.6
Fiesta,2017,21395,Manual,11563,Hybrid,242,51.6,1.3
Focus,2022,27816,Automatic,46819,Hybrid,275,41.3,2.7
Focus,2015,25072,Automatic,43790,Hybrid,203,47,2.1
Focus,2022,12243,Manual,8234,Hybrid,141,31.5,2.7
Focus,2015,28085,Manual,25519,Hybrid,159,35.1,1.9
Fiesta,2018,29566,Automatic,26966,Petrol,297,60.6,1.8
Focus,2018,17916,Automatic,54597,Diesel,111,30,2.8
Fiesta,2020,28806,Automatic,16173,Diesel,229,46.7,1.5
Focus,2019,17984,Automatic,59889,Diesel,106,50.9,2.7
Focus,2020,9759,Automatic,26987,Diesel,179,32.2,2
Focus,2019,17181,Manual,13178,Hybrid,230,68.9,2
Fiesta,2020,10482,Automatic,39338,Hybrid,208,39,1.6
Focus,2017,8951,Automatic,58348,Hybrid,102,42.2,2.1
Focus,2018,10079,Automatic,24596,Hybrid,126,42.2,1.7
Focus,2015,10717,Manual,33174,Petrol,213,39.2,1.1
Fiesta,2019,28908,Automatic,41974,Diesel,206,30.1,1.5
Focus,2022,17692,Automatic,4431,Petrol,139,59.2,1
Fiesta,2019,15311,Automatic,59182,Diesel,260,68.7,3
Fiesta,2015,26449,Manual,27764,Petrol,228,39,2.9
Focus,2020,8768,Manual,21627,Diesel,107,56.5,1.8
Fiesta,2019,13490,Automatic,39310,Diesel,200,59.7,2.5
Fiesta,2021,23534,Automatic,56088,Petrol,259,63.9,1.7
Focus,2017,14645,Manual,8906,Petrol,223,46.9,2.3
Fiesta,2018,29467,Manual,36914,Hybrid,275,42.1,2.6
Focus,2015,13232,Manual,44814,Petrol,206,43,2.9
Fiesta,2018,19485,Automatic,45379,Diesel,200,58.5,1.8
Fiesta,2021,13797,Manual,13076,Diesel,103,62.7,2.6
Focus,2019,29310,Manual,49292,Diesel,297,37.3,1.5
Focus,2019,27719,Manual,37650,Diesel,209,44.8,3
Focus,2022,20342,Manual,46881,Petrol,118,66.1,1.1
Fiesta,2021,16038,Automatic,46413,Hybrid,131,62.3,2.2
Focus,2015,24002,Automatic,6012,Diesel,236,69.4,2.3
Focus,2022,21087,Automatic,50115,Diesel,111,60.2,2.4
Focus,2017,12873,Manual,7151,Diesel,238,45.7,1.2
Focus,2022,9481,Manual,57716,Petrol,145,53.6,2.9
Focus,2016,18093,Automatic,28211,Diesel,218,56.4,1.4
Focus,2015,27835,Automatic,27117,Hybrid,115,33.1,2.2
Focus,2016,22422,Automatic,36378,Hybrid,228,51.8,1.4
Fiesta,2021,24438,Automatic,42652,Diesel,162,58.4,1.6
Focus,2020,15643,Manual,6894,Diesel,208,36.7,2.1
Fiesta,2016,27846,Manual,13467,Petrol,218,61.2,1.8
Fiesta,2017,23708,Automatic,31010,Diesel,120,53.4,1.3
Focus,2022,19271,Automatic,56463,Petrol,257,68.1,1.3
Fiesta,2020,25216,Automatic,49257,Hybrid,112,31.7,1.8
Fiesta,2022,20600,Automatic,54691,Petrol,261,40.6,2.5
Fiesta,2016,18998,Manual,42641,Petrol,103,54.1,2.8
Fiesta,2022,22295,Manual,12289,Diesel,255,41.9,1.2
Fiesta,2021,18682,Manual,44976,Hybrid,201,58.6,1.8
Fiesta,2020,24380,Manual,43596,Petrol,158,60.4,1.2
Fiesta,2021,16519,Automatic,23171,Hybrid,227,34.1,1
Fiesta,2016,27694,Automatic,34905,Petrol,126,50.6,2.3
Fiesta,2021,11300,Manual,20829,Hybrid,168,50.4,2.2
Fiesta,2017,14722,Automatic,52682,Petrol,124,44.8,1.3
Focus,2016,15218,Automatic,34054,Hybrid,230,67.3,1.5
Fiesta,2016,28059,Automatic,48478,Petrol,196,63.1,1
Fiesta,2016,11054,Manual,44139,Hybrid,295,57.9,2.7
Focus,2015,21575,Automatic,48713,Petrol,124,58.6,2.9
Focus,2022,15970,Automatic,29734,Diesel,247,48.5,1.3
Focus,2015,10143,Manual,7052,Hybrid,261,66.8,1.5
Fiesta,2015,29591,Manual,3654,Diesel,253,57.8,2.7
Fiesta,2017,17503,Manual,23486,Diesel,225,59.2,2.9
Fiesta,2020,23149,Manual,18743,Petrol,232,64.5,1.8
Focus,2022,26922,Automatic,48368,Diesel,288,41,1.1
Fiesta,2021,20175,Manual,24489,Hybrid,108,62.3,1.1
Fiesta,2019,28931,Automatic,8636,Petrol,215,37.8,2.1
Focus,2016,16356,Manual,6441,Petrol,277,43.8,1.8
Focus,2021,29389,Automatic,54199,Hybrid,233,43.4,1.1
Focus,2016,23070,Automatic,24611,Hybrid,159,69.1,2.2
Fiesta,2017,8822,Manual,54355,Diesel,271,64.3,1
Fiesta,2016,25327,Automatic,42435,Diesel,220,58,2.6
Fiesta,2015,22289,Automatic,12149,Petrol,238,59.1,1.6
Fiesta,2022,14150,Manual,34566,Hybrid,293,52.5,1.1
Focus,2019,12425,Manual,59189,Hybrid,274,67.9,2.2
Fiesta,2018,24032,Automatic,42368,Petrol,207,49.9,1.8
Fiesta,2016,10198,Manual,21675,Diesel,207,45.2,2.9
Focus,2021,28626,Manual,5495,Hybrid,300,36.5,2.1
Focus,2015,28079,Manual,42668,Diesel,230,61.4,1.6
Focus,2018,11452,Manual,13673,Diesel,175,59.4,2.4
Fiesta,2019,17106,Manual,11130,Petrol,129,45.4,1.5
Focus,2018,21859,Automatic,22668,Hybrid,120,31,2.8
Fiesta,2015,25692,Manual,15222,Petrol,255,63.6,1.7
Focus,2022,28561,Automatic,23669,Petrol,289,30.5,2.1
Focus,2022,16705,Automatic,34068,Diesel,260,58.1,1.1
Fiesta,2020,18112,Automatic,23253,Hybrid,262,68.8,1.9
Focus,2022,27978,Manual,9435,Petrol,279,47.5,2.7
Focus,2020,12841,Manual,28552,Hybrid,133,39.4,2.6
Focus,2018,23358,Manual,52249,Petrol,140,58.2,1.4
Fiesta,2017,9409,Automatic,37384,Hybrid,150,62.7,1.5
Focus,2021,12566,Automatic,16393,Petrol,274,51.9,2.6
Fiesta,2021,19382,Automatic,10617,Diesel,181,68.7,2.9
Focus,2018,28875,Automatic,38520,Diesel,157,32.1,1.2
Focus,2016,25939,Automatic,9852,Petrol,174,50.2,1.9
Focus,2016,22596,Manual,31401,Diesel,284,58.7,1.7
Focus,2022,8804,Manual,59975,Petrol,122,64.5,2.7
Focus,2021,21221,Automatic,6295,Diesel,275,37.2,1.2
Focus,2021,9279,Manual,53967,Hybrid,227,62,1.4
Fiesta,2020,21192,Automatic,50224,Diesel,249,52.1,2.5
Fiesta,2017,15083,Automatic,35993,Hybrid,116,45.9,1.1
Focus,2015,19093,Automatic,34084,Hybrid,168,35.3,2
Focus,2016,25771,Manual,54851,Diesel,207,64.6,1.9
Fiesta,2021,20880,Manual,45105,Hybrid,238,36.3,1.7
Focus,2020,23517,Manual,39575,Diesel,193,42.4,1.8
Focus,2019,27063,Automatic,55826,Hybrid,114,41.6,2.1
Focus,2020,10106,Manual,36451,Diesel,190,64.9,1.3
Fiesta,2016,24086,Manual,7227,Hybrid,262,56.9,2.1
Focus,2016,28607,Manual,31910,Petrol,132,61.9,2.6
Focus,2020,12831,Automatic,36041,Diesel,224,40,2.5
Fiesta,2015,27152,Manual,23384,Diesel,115,55,1.3
Focus,2018,11186,Manual,145,Diesel,261,52.9,1.3
Fiesta,2016,10573,Automatic,37778,Hybrid,165,63.3,1.5
Focus,2020,20808,Manual,16035,Petrol,267,66.2,1.7
Focus,2021,10599,Automatic,3040,Hybrid,255,30.5,1.8
Focus,2020,12033,Automatic,42422,Hybrid,146,57,2.4
Focus,2017,16428,Manual,26160,Diesel,266,32.1,1.1
Focus,2018,9304,Automatic,49634,Hybrid,297,52,1.1
Fiesta,2019,25685,Manual,52331,Hybrid,300,41.5,1.8
Fiesta,2015,26925,Automatic,17633,Petrol,247,42.3,2.4
Fiesta,2022,26435,Manual,29344,Hybrid,223,44.1,1.4
Fiesta,2019,16633,Automatic,17014,Petrol,100,54.9,2.3
Focus,2018,19372,Manual,14996,Diesel,299,43.4,1.5
Focus,2018,16996,Manual,49104,Petrol,186,59.3,2.8
Fiesta,2018,24458,Manual,41621,Petrol,227,46.2,2.8
Focus,2019,13475,Manual,11695,Diesel,290,32.7,1.6
Focus,2021,15184,Automatic,2852,Petrol,166,61.4,1.5
Focus,2018,20875,Manual,16014,Petrol,103,41.4,1.8
Fiesta,2020,9622,Manual,27042,Diesel,285,47.3,1.5
Fiesta,2019,23988,Manual,33755,Hybrid,252,57.4,2.3
Focus,2022,16041,Manual,40390,Petrol,146,43.3,2.7
Fiesta,2018,24725,Automatic,23711,Hybrid,137,32.3,2.3
Focus,2020,26458,Manual,26122,Diesel,242,45,2.6
Fiesta,2021,15992,Automatic,57993,Diesel,290,67.8,1.8
Focus,2017,23646,Manual,9160,Hybrid,120,55.7,1.3
Focus,2021,25029,Automatic,27213,Petrol,156,56.9,2.5
Focus,2022,12263,Automatic,50252,Hybrid,216,55.3,1.7
Focus,2018,22060,Automatic,39420,Diesel,280,38,2.3
Focus,2022,23156,Automatic,57784,Diesel,145,46.7,1.5
Focus,2019,16646,Manual,7421,Petrol,241,60,1.2
Focus,2016,19664,Automatic,21400,Diesel,244,34.1,3
Focus,2018,10969,Automatic,33537,Hybrid,138,41.1,1.3
Focus,2016,11028,Automatic,17727,Hybrid,236,41.1,3
Focus,2020,27065,Manual,46882,Hybrid,198,47.3,3
Focus,2017,11629,Manual,4358,Hybrid,176,69.2,2.6
Fiesta,2015,28609,Manual,28482,Petrol,214,32.7,2.3
Fiesta,2022,11067,Automatic,58921,Hybrid,233,50.7,2.2
Fiesta,2021,13941,Automatic,32117,Petrol,250,37.2,2.7
Focus,2017,25770,Automatic,23164,Diesel,286,68.8,1.6
Fiesta,2018,27250,Automatic,31910,Diesel,190,34.5,1.9
Fiesta,2016,29172,Manual,32496,Petrol,197,46.1,2.2
Fiesta,2021,19555,Automatic,55754,Petrol,219,59.5,1.8
Fiesta,2016,29874,Manual,44311,Diesel,145,58.2,1.9
Focus,2019,21081,Automatic,29371,Diesel,137,46.9,1.7
Focus,2016,28508,Automatic,51501,Hybrid,241,43.9,2.1
Focus,2019,28234,Automatic,38467,Petrol,199,45.9,2.7
Fiesta,2020,29799,Automatic,17625,Diesel,171,40.6,1.4
Fiesta,2021,14819,Manual,33893,Petrol,289,38.2,2.9
Focus,2021,19046,Automatic,10793,Diesel,134,49.3,2.4
Fiesta,2015,25717,Manual,31007,Petrol,246,40.7,2.6
Focus,2018,28534,Automatic,25766,Petrol,129,41.5,2.1
Fiesta,2019,10711,Manual,39532,Diesel,177,56.3,2.6
Focus,2015,12853,Automatic,54253,Hybrid,183,68.7,1
Fiesta,2016,29792,Manual,12323,Hybrid,212,54.1,2.6
Fiesta,2016,15715,Automatic,45799,Hybrid,124,33.1,1.1
Focus,2015,16942,Automatic,46820,Diesel,267,33,2.8
Fiesta,2021,23507,Manual,45408,Diesel,187,68.1,3
Fiesta,2016,23826,Manual,7843,Hybrid,113,41.9,1.6
Focus,2022,9762,Manual,14210,Diesel,253,33.7,1.4
Fiesta,2020,23850,Manual,16456,Diesel,201,54,2.5
Focus,2020,20112,Automatic,31367,Hybrid,249,54.9,1.5
Fiesta,2022,20652,Automatic,54624,Diesel,275,55.9,2.7
Fiesta,2015,14122,Automatic,10106,Diesel,182,40.7,1.2
Focus,2022,8481,Manual,37957,Petrol,209,30.6,1.3
Focus,2019,22536,Manual,2472,Petrol,278,68.6,3
Focus,2019,8153,Automatic,49859,Hybrid,230,40,2.3
Focus,2015,15617,Automatic,50956,Petrol,269,57,2.7
Focus,2022,9524,Manual,6704,Petrol,118,58.3,1.6
Fiesta,2019,10120,Manual,3713,Diesel,300,54.4,2.4
Fiesta,2021,23048,Automatic,5051,Petrol,127,42.5,2.2
Focus,2022,10343,Automatic,10756,Diesel,272,40.8,2.2
Focus,2021,13136,Automatic,2475,Petrol,170,53.9,2.4
Fiesta,2019,9240,Automatic,36378,Hybrid,162,64.6,2.2
Fiesta,2020,8060,Automatic,4255,Diesel,172,67.9,1.9
Focus,2019,17130,Manual,14484,Petrol,223,34.2,1.6
Focus,2021,26023,Manual,56549,Diesel,218,36.2,2.5
Fiesta,2017,20312,Automatic,34503,Hybrid,220,67.8,1.5
Fiesta,2018,21350,Automatic,58929,Hybrid,118,59.5,2.4
Fiesta,2016,20418,Manual,8258,Diesel,274,65.3,1.5
Fiesta,2022,9252,Manual,40747,Hybrid,241,38.1,2.3
Focus,2017,28587,Automatic,35196,Hybrid,219,53.5,2.5
Fiesta,2019,16363,Manual,45113,Petrol,265,58,1.4
Fiesta,2020,17650,Manual,40194,Hybrid,280,57.2,1.1
Fiesta,2015,27933,Automatic,8533,Petrol,160,46.3,1.3
Focus,2019,28581,Automatic,32581,Diesel,263,30.6,2.2
Fiesta,2020,26706,Automatic,5249,Hybrid,267,53.3,2.7
Focus,2018,24314,Automatic,54443,Diesel,129,40.1,1.1
Focus,2019,12090,Manual,19201,Hybrid,108,48,2.5
Focus,2021,14960,Manual,58576,Petrol,163,68.3,1.7
Focus,2015,11004,Automatic,53026,Hybrid,260,46,2
Focus,2020,29520,Manual,59745,Diesel,219,63.6,2.9
Focus,2020,24713,Automatic,9686,Hybrid,151,37.5,1.7
Fiesta,2020,11640,Automatic,46877,Petrol,188,56.9,1.9
Fiesta,2018,28491,Automatic,53363,Diesel,241,69.1,1
Fiesta,2019,9341,Automatic,32007,Petrol,152,34.1,1.2
Fiesta,2018,19855,Manual,661,Hybrid,286,30.3,1.5
Focus,2022,8338,Automatic,44843,Hybrid,177,47.3,1.1
Fiesta,2016,13895,Manual,30137,Petrol,140,33.7,2.3
Fiesta,2016,20254,Manual,47556,Diesel,295,59.9,1.9
Fiesta,2022,27092,Automatic,42828,Petrol,167,66.6,2.1
Fiesta,2019,19344,Automatic,48604,Diesel,107,47.4,1.3
Fiesta,2021,9750,Manual,10526,Diesel,101,40.3,1.6
Fiesta,2018,29988,Automatic,3374,Diesel,204,47.4,2.3
Fiesta,2015,10421,Automatic,25592,Petrol,224,58.9,2.9
Focus,2020,15119,Automatic,28982,Diesel,209,30.4,1.1
Focus,2020,13319,Manual,207,Petrol,185,53.6,2.8
Focus,2019,23896,Manual,35433,Petrol,268,54.5,2.2
Focus,2021,29771,Manual,51645,Petrol,219,55.5,2.1
Fiesta,2016,19918,Automatic,23197,Hybrid,226,39.7,2
Fiesta,2016,28377,Automatic,33400,Hybrid,282,58.6,1.1
Focus,2020,21849,Automatic,59446,Hybrid,115,33.7,1.2
Focus,2019,12873,Automatic,3083,Diesel,161,38,2.2
Focus,2018,12806,Manual,29328,Hybrid,212,65.1,1.7
Fiesta,2016,16592,Manual,46479,Hybrid,275,59.5,2.8
Fiesta,2018,20182,Automatic,42891,Hybrid,257,30.5,1.8
Focus,2021,27541,Manual,20103,Diesel,111,39.9,1.3
Fiesta,2016,24774,Manual,39891,Petrol,134,38.6,2.4
Focus,2016,20045,Manual,10754,Hybrid,110,40.8,1.6
Fiesta,2017,12430,Manual,34447,Petrol,163,39.9,2.1
Fiesta,2016,16820,Automatic,15901,Petrol,149,32.5,2.4
Fiesta,2022,12232,Automatic,33004,Petrol,248,48.4,2.8
Focus,2015,19122,Automatic,7446,Petrol,168,59.3,2.6
Fiesta,2022,23023,Manual,37211,Hybrid,147,54.3,2.4
Fiesta,2019,16007,Manual,55922,Diesel,119,56.9,2.4
Fiesta,2019,25905,Automatic,48231,Hybrid,200,33.2,2.9
Fiesta,2018,17018,Automatic,29301,Diesel,294,68.1,1.6
Focus,2022,9500,Manual,26116,Hybrid,271,63.5,1
Focus,2022,14737,Automatic,55251,Hybrid,260,62.2,1.5
Focus,2022,11294,Automatic,41323,Petrol,300,62.9,1.4
Fiesta,2021,29469,Automatic,18752,Diesel,288,67.3,2.3
Focus,2016,26803,Automatic,32376,Hybrid,236,51.8,2.3
Focus,2015,27426,Automatic,16669,Diesel,167,38,2.2
Focus,2018,12497,Automatic,32916,Diesel,134,54.7,1
Focus,2022,25850,Manual,13395,Hybrid,164,59.7,2.5
Focus,2022,27945,Automatic,20421,Diesel,107,59.5,1.6
Focus,2017,8614,Automatic,55701,Hybrid,144,50.9,2.3
Fiesta,2018,29776,Manual,56273,Hybrid,186,32.7,2.1
Fiesta,2022,17374,Automatic,26342,Petrol,274,44.8,1.7
Focus,2018,27607,Automatic,4895,Petrol,267,66.8,1.3
Focus,2016,10667,Manual,54432,Diesel,175,53.4,1.2
Focus,2017,21409,Automatic,50164,Petrol,281,51.5,2.7
Fiesta,2018,24514,Automatic,11023,Diesel,175,40.8,2.8
Fiesta,2015,10983,Manual,10699,Hybrid,273,44.7,2.3
Fiesta,2015,28662,Manual,9715,Petrol,146,65.8,1.2
Fiesta,2019,20651,Automatic,19169,Hybrid,114,56.7,1.8
Focus,2017,16230,Manual,59900,Petrol,204,61.5,2.5
Fiesta,2017,14640,Automatic,52877,Petrol,246,48.2,2.6
Fiesta,2019,19779,Manual,16163,Petrol,125,55.2,1.2
Focus,2018,29852,Manual,53728,Hybrid,151,39.9,1
Focus,2017,23317,Manual,5782,Diesel,192,58.2,2.4
Focus,2015,25304,Manual,22641,Petrol,249,47.1,1.7
Fiesta,2015,15564,Manual,58945,Hybrid,120,47.7,1.5
Focus,2022,23520,Manual,18792,Diesel,150,56,1
Focus,2016,21737,Automatic,49492,Diesel,137,67.5,2.1
Fiesta,2017,17323,Automatic,35585,Petrol,119,32.6,2.7
Focus,2018,23229,Automatic,30682,Hybrid,256,63,2.9
Focus,2019,19713,Manual,47864,Hybrid,278,41.7,2.1
Focus,2019,16502,Automatic,18880,Diesel,231,47.8,2
Focus,2018,27625,Manual,55114,Hybrid,154,30.9,1.2
Focus,2021,8545,Automatic,38067,Diesel,298,42,2.1
Fiesta,2020,12346,Automatic,42685,Diesel,191,50.1,1.8
Fiesta,2016,17996,Manual,56726,Diesel,127,32.2,2.2
Focus,2019,23775,Manual,18073,Petrol,103,49.6,1.8
Focus,2017,21919,Manual,36035,Hybrid,249,67.1,1.5
Focus,2016,11810,Automatic,37174,Petrol,175,34.2,1.2
Focus,2017,15206,Automatic,24837,Diesel,272,60.6,1.6
Focus,2021,17005,Automatic,17826,Hybrid,166,46.4,1.2
Fiesta,2015,24371,Automatic,24981,Hybrid,185,56.2,1.4
Focus,2016,20316,Manual,10382,Diesel,293,40.4,3
Fiesta,2022,26416,Automatic,4437,Hybrid,261,36.4,1.9
Focus,2019,16436,Automatic,5435,Diesel,190,36.4,2.1
Focus,2016,20984,Automatic,24819,Diesel,282,32.8,2.7
Focus,2016,8271,Automatic,36875,Diesel,204,37.4,3
Fiesta,2016,27895,Automatic,31982,Diesel,100,56.6,2.2
Focus,2020,26155,Manual,33328,Hybrid,171,65.3,2.6
Fiesta,2016,18616,Manual,12329,Petrol,186,62.6,1.7
Focus,2017,12361,Automatic,25169,Hybrid,265,57.4,1.6
Focus,2015,15069,Automatic,21932,Petrol,105,34.4,1.8
Fiesta,2021,25304,Manual,34594,Hybrid,252,41.6,2.3
Fiesta,2018,11430,Automatic,11421,Diesel,244,42.4,2.4
Focus,2016,28819,Automatic,45033,Hybrid,160,40,1.6
Focus,2019,20676,Manual,7629,Hybrid,111,50.6,1.3
Focus,2016,18816,Automatic,8325,Hybrid,105,51.4,2.3
Fiesta,2019,28144,Automatic,52290,Diesel,126,44.3,1.3
Fiesta,2017,10050,Automatic,28495,Petrol,235,44.2,2.2
Focus,2019,19692,Automatic,31750,Hybrid,223,63.1,2.4
Fiesta,2022,9165,Automatic,29619,Diesel,205,61.6,2.4
Focus,2018,10033,Automatic,40461,Petrol,292,42.3,2.5
Focus,2015,8145,Manual,8264,Diesel,284,66.6,2.7
Focus,2019,22269,Automatic,12686,Petrol,192,68.1,2
Fiesta,2019,28772,Automatic,46484,Diesel,208,43.1,2.5
Fiesta,2015,15832,Automatic,24226,Diesel,198,44.2,2.2
Fiesta,2018,22286,Manual,6721,Diesel,267,50.2,1.4
Fiesta,2016,10632,Automatic,56154,Diesel,241,67.6,1.1
Focus,2019,12494,Manual,20609,Diesel,134,65.1,1.6
Fiesta,2015,23152,Automatic,52130,Hybrid,275,34.1,1.9
Focus,2022,17155,Manual,7373,Hybrid,183,45.7,2.2
Fiesta,2022,18426,Automatic,38675,Petrol,155,52.1,2.7
Fiesta,2017,18233,Automatic,55249,Hybrid,276,50.1,1.4
Fiesta,2015,9828,Automatic,48895,Diesel,240,37.8,1.3
Focus,2017,20260,Automatic,28937,Diesel,288,64.4,2.9
Fiesta,2022,17130,Manual,5656,Hybrid,148,57.1,1.2
Fiesta,2018,12805,Manual,59329,Petrol,145,63.5,2
Focus,2016,8806,Automatic,8984,Petrol,212,64.4,2.2
Focus,2015,16202,Automatic,29984,Petrol,289,59.9,2.1
Focus,2021,9868,Manual,53411,Hybrid,235,47.6,1.2
Focus,2022,22561,Manual,8286,Diesel,142,54.4,1.1
Focus,2022,23512,Manual,5901,Petrol,247,36.4,1.2
Focus,2021,22899,Manual,31552,Petrol,223,56.9,2.2
Fiesta,2020,24220,Manual,25709,Petrol,196,37.2,2.1
Focus,2022,23934,Manual,31055,Diesel,189,57.8,1.5
Fiesta,2019,13429,Manual,37685,Diesel,138,39.2,2.3
Focus,2018,17076,Manual,8429,Petrol,184,34.7,2.6
Fiesta,2015,11564,Manual,14716,Diesel,276,36.6,1.1
Fiesta,2021,9389,Automatic,48563,Petrol,291,30.1,2
Fiesta,2019,19593,Automatic,11138,Hybrid,161,58.7,2.4
Focus,2021,15274,Automatic,35298,Petrol,205,59.3,1.5
Focus,2015,25208,Manual,51112,Hybrid,206,50.6,1.6
Focus,2017,26649,Manual,23429,Diesel,153,36.5,2.2
Focus,2015,25320,Manual,50200,Petrol,225,33.3,2.8
Fiesta,2020,18745,Manual,5772,Diesel,108,30.8,2.6
Focus,2015,22199,Automatic,48244,Petrol,187,36.6,2.2
Focus,2015,28229,Automatic,51681,Hybrid,136,65.6,2.5
Focus,2020,23876,Automatic,48519,Diesel,148,39.7,1.7
Fiesta,2018,26180,Manual,35732,Diesel,140,44.2,2.3
Focus,2022,16245,Automatic,39905,Petrol,116,34.2,1.9
Focus,2015,15214,Automatic,17347,Diesel,187,38.9,1.4
Focus,2020,8726,Automatic,16920,Hybrid,120,50.8,2.4
Focus,2019,27120,Manual,31822,Hybrid,150,54.3,2.1
Focus,2017,21832,Manual,46659,Petrol,158,39.8,1.7
Focus,2017,19362,Manual,40108,Petrol,266,32.3,2.8
Focus,2015,26297,Manual,23563,Diesel,282,45.6,1
Fiesta,2018,18106,Manual,7967,Hybrid,140,39.4,1.6
Fiesta,2018,15657,Automatic,45183,Diesel,138,38.8,1.1
Focus,2019,26850,Manual,11871,Hybrid,240,68.4,2.5
Fiesta,2015,22551,Manual,28763,Hybrid,291,54.7,2.4
Focus,2017,15906,Automatic,11916,Petrol,110,52.3,1.7
Fiesta,2018,29260,Automatic,8734,Diesel,246,46.6,2.4
Focus,2015,15287,Manual,33613,Hybrid,238,47.2,1.8
Focus,2021,8892,Automatic,28179,Petrol,176,51.6,2.5
Focus,2018,18222,Manual,54929,Hybrid,226,57.9,1.9
Focus,2020,12675,Manual,52188,Petrol,145,58.1,1.8
Fiesta,2021,9933,Automatic,55099,Petrol,144,36.9,2.9
Focus,2022,25764,Manual,35262,Petrol,100,50,1.5
Fiesta,2018,19873,Automatic,12677,Diesel,267,46.5,1.2
Fiesta,2017,25674,Automatic,51871,Petrol,207,64.8,2.2
Focus,2016,26024,Automatic,18268,Petrol,118,55.3,2.9
Fiesta,2021,21239,Automatic,12330,Hybrid,175,51.3,1.8
Focus,2022,18874,Manual,20733,Petrol,171,34.6,1.1
Fiesta,2019,25602,Automatic,37947,Hybrid,299,54.2,1.7
Focus,2019,13016,Automatic,27286,Hybrid,288,34.7,2
Fiesta,2017,21774,Manual,6610,Diesel,208,43.5,1.3
Fiesta,2018,17752,Manual,6430,Petrol,111,35.7,2.3
Focus,2015,25338,Automatic,39922,Petrol,288,57.7,3
Fiesta,2018,23585,Manual,13828,Hybrid,260,38.3,1.9
Fiesta,2017,15291,Automatic,42913,Diesel,144,45.7,1.7
Focus,2019,8974,Automatic,31497,Petrol,189,65.8,1.8
Focus,2018,12133,Manual,39256,Diesel,202,38.2,1.2
Focus,2019,22663,Manual,53889,Hybrid,296,50.3,2.8
Focus,2021,29754,Automatic,55677,Petrol,107,46.8,1.8
Fiesta,2022,11972,Automatic,36618,Diesel,252,30.7,1.8
Focus,2015,13295,Manual,49841,Petrol,190,61.7,2.3
Focus,2021,21913,Manual,46332,Petrol,273,32.8,1.9
Focus,2019,17105,Automatic,26526,Diesel,186,49,2.3
Focus,2019,16228,Automatic,54327,Petrol,257,52.4,1.1
Fiesta,2016,17903,Automatic,30158,Hybrid,274,55.1,2.6
Fiesta,2016,11020,Manual,25032,Petrol,276,57.5,2.9
Fiesta,2021,16987,Automatic,37846,Petrol,274,40.1,2.3
Focus,2020,28420,Manual,59474,Diesel,183,30.4,2.9
Fiesta,2021,29452,Manual,44936,Diesel,181,58.9,1.3
Fiesta,2016,20880,Manual,29794,Diesel,245,51.4,2
Focus,2019,13233,Automatic,5448,Petrol,293,63.4,2.2
Fiesta,2017,17516,Automatic,50331,Diesel,167,62.9,2.2
Fiesta,2021,22559,Manual,28861,Petrol,260,63.7,1.8
Focus,2019,24701,Manual,28141,Hybrid,226,49.4,1.7
Fiesta,2017,10396,Automatic,9074,Hybrid,263,43.3,1.3
Focus,2017,26546,Automatic,6406,Petrol,181,61.7,1.8
Fiesta,2016,27129,Manual,31823,Petrol,246,48.1,1.3
Fiesta,2021,9591,Automatic,57743,Hybrid,255,37.3,2.5
Focus,2018,19303,Automatic,23291,Hybrid,267,64.2,1.4
Fiesta,2015,14183,Automatic,41568,Petrol,183,65.3,1.1
Focus,2016,28314,Automatic,32003,Hybrid,212,48.7,2.1
Focus,2016,9312,Manual,46851,Hybrid,175,33,2.2
Focus,2018,28695,Automatic,34406,Petrol,221,45.5,2.7
Focus,2015,15314,Automatic,54823,Diesel,242,62.1,2.2
Fiesta,2019,26767,Manual,23312,Diesel,140,66.1,1.7
Fiesta,2020,27623,Manual,43108,Hybrid,266,38.1,2.6
Focus,2021,10139,Manual,1382,Petrol,101,32.7,2.1
Fiesta,2020,22688,Automatic,34171,Hybrid,290,65.1,1.2
Fiesta,2019,26088,Automatic,41779,Hybrid,128,45.6,2.1
Fiesta,2022,14924,Manual,3292,Petrol,204,51.7,2.8
Fiesta,2016,8362,Automatic,41779,Diesel,293,68.7,1.8
Focus,2015,26988,Automatic,33187,Hybrid,150,32.7,1.6
Fiesta,2016,21481,Manual,12411,Hybrid,174,55.9,1.3
Focus,2017,28670,Automatic,37285,Diesel,109,33,1.3
Fiesta,2016,11738,Automatic,52454,Petrol,241,45,1.9
Fiesta,2016,10469,Manual,57009,Petrol,150,62.2,2.2
Focus,2019,29179,Manual,15422,Petrol,217,47.3,1.2
Focus,2019,24106,Manual,42468,Petrol,300,69.9,2.9
Focus,2019,24940,Automatic,32371,Petrol,220,52.4,2.5
Focus,2020,17017,Manual,57022,Hybrid,138,42.8,2.2
Fiesta,2017,10808,Automatic,5693,Hybrid,127,38.8,2.7
Focus,2022,24370,Automatic,33535,Diesel,102,44,1.2
Focus,2022,29534,Automatic,51196,Diesel,183,44.9,2
Fiesta,2019,22870,Automatic,14818,Diesel,297,32.7,2.3
Fiesta,2015,20713,Manual,31238,Diesel,254,44.8,2.7
Focus,2020,15561,Manual,30874,Petrol,216,48.6,2.6
Focus,2018,10719,Manual,26715,Petrol,101,58.9,1.6
Focus,2015,19700,Automatic,27605,Diesel,192,56.3,2.9
Focus,2021,11741,Automatic,34317,Hybrid,265,58.4,1.2
Focus,2021,17766,Manual,31174,Petrol,230,30.3,2.8
Focus,2015,11998,Manual,9956,Petrol,243,38.7,2.9
Focus,2019,26787,Manual,38908,Hybrid,193,56.5,1.4
Fiesta,2018,24077,Manual,10837,Hybrid,139,49.4,2.4
Focus,2018,8294,Manual,3716,Hybrid,101,30.2,1.1
Focus,2020,18177,Manual,4481,Hybrid,180,62.2,1.8
Fiesta,2018,29727,Automatic,24282,Hybrid,268,60.9,2
Fiesta,2021,17882,Automatic,6548,Diesel,111,51.9,2.2
Focus,2017,9136,Manual,51445,Hybrid,262,32.7,2.9
Focus,2019,10064,Manual,37605,Petrol,164,60.7,2.3
Focus,2018,15009,Automatic,7758,Hybrid,154,53.3,2
Focus,2020,20987,Manual,43668,Diesel,144,61.3,2.6
Fiesta,2021,12543,Automatic,23177,Petrol,200,60.1,2.9
Focus,2017,9007,Manual,24022,Hybrid,161,62.1,1
Focus,2016,13445,Automatic,40761,Hybrid,148,50.7,3
Fiesta,2016,18706,Manual,55159,Hybrid,226,35.6,1.2
Fiesta,2017,22749,Automatic,5542,Petrol,252,56.8,2.6
Focus,2021,19718,Automatic,25476,Hybrid,122,54.8,1.6
Focus,2020,29736,Manual,30784,Diesel,251,59.7,1.3
Fiesta,2017,17439,Automatic,22740,Diesel,137,36.8,1.9
Focus,2019,21281,Automatic,59353,Hybrid,127,37.8,2.3
Fiesta,2019,9435,Manual,24817,Petrol,120,65.6,1.8
Fiesta,2016,8571,Automatic,47596,Petrol,281,60,1.1
Focus,2018,10382,Automatic,56532,Diesel,206,66.3,2.2
Fiesta,2020,13084,Manual,16052,Diesel,245,60.3,2.8
Fiesta,2016,24661,Manual,35153,Petrol,263,53.9,1.8
Fiesta,2018,21507,Manual,47076,Petrol,198,56.2,1.4
Focus,2018,15059,Manual,53420,Diesel,272,65.6,1.9
Focus,2022,26271,Automatic,671,Hybrid,218,53.2,1.1
Fiesta,2019,20771,Automatic,163,Hybrid,172,55.3,2.6
Focus,2021,25649,Manual,41424,Petrol,280,36.3,2.7
Fiesta,2015,15491,Manual,44002,Hybrid,221,49,2.2
Fiesta,2021,22527,Manual,53744,Petrol,129,58.7,1.7
Focus,2015,25424,Automatic,4795,Diesel,287,40.8,2.6
Focus,2017,22859,Manual,10634,Diesel,207,38.1,2.1
Focus,2019,16073,Automatic,4798,Petrol,197,42.6,2.7
Fiesta,2018,17077,Automatic,22420,Diesel,131,39.7,2.3
Fiesta,2020,27136,Manual,51507,Hybrid,294,38.6,2.6
Fiesta,2015,28953,Manual,55039,Diesel,294,47,2.2
Focus,2021,19383,Automatic,29300,Diesel,255,66.3,1.8
Focus,2018,24378,Automatic,24345,Hybrid,271,50.3,2.9
Fiesta,2015,10353,Automatic,10749,Hybrid,178,37.5,2.1
Focus,2015,12799,Automatic,38595,Petrol,140,33.1,2.2
Focus,2022,25070,Automatic,25121,Diesel,162,57.8,1.4
Focus,2015,29195,Automatic,37487,Petrol,122,45.3,2.3
Focus,2020,19939,Manual,28411,Petrol,203,62.9,2.1
Fiesta,2019,29730,Manual,33361,Hybrid,174,56.4,1.4
Focus,2020,29427,Automatic,21223,Petrol,147,61.8,1.1
Fiesta,2016,10428,Manual,7394,Petrol,259,40.9,2.2
Fiesta,2018,29510,Manual,14056,Diesel,156,57.7,2.5
Fiesta,2019,19296,Automatic,28380,Petrol,217,40.6,2
Focus,2022,15813,Manual,26035,Petrol,199,67.6,1.5
Focus,2019,22414,Manual,30620,Petrol,223,55.5,2.3
Fiesta,2019,19801,Manual,19877,Diesel,260,43,1.2
Focus,2021,19745,Manual,59945,Hybrid,251,40.8,1.9
Fiesta,2019,21025,Automatic,55316,Diesel,266,37.6,1.3
Focus,2022,11356,Automatic,43404,Hybrid,133,57.8,1.4
Fiesta,2020,22288,Automatic,51824,Hybrid,283,38.7,1.4
Focus,2019,14540,Automatic,53352,Hybrid,255,53.8,1.8
Focus,2017,24422,Manual,30911,Diesel,264,40.6,1.1
Focus,2018,11342,Manual,32784,Diesel,106,56.5,1.8
Focus,2019,17078,Automatic,3191,Hybrid,295,62.6,2
Focus,2018,10844,Automatic,33160,Diesel,264,61.1,2
Fiesta,2017,18396,Manual,25000,Petrol,155,60.4,1.8
Fiesta,2017,25482,Automatic,39040,Hybrid,164,37.5,2.7
Focus,2018,26207,Manual,49723,Hybrid,292,33.5,1.3
Fiesta,2015,21998,Manual,3631,Hybrid,146,58,2
Focus,2016,21261,Manual,6172,Hybrid,247,44.7,1.1
Fiesta,2021,27539,Automatic,42080,Petrol,118,47.3,1.1
Fiesta,2015,11093,Manual,23561,Diesel,256,31.2,2.1
Focus,2015,19722,Manual,24817,Petrol,287,40.4,2.1
Focus,2020,28162,Manual,20281,Diesel,245,31.3,2.8
Focus,2021,27280,Manual,28671,Petrol,262,65.2,2.1
Fiesta,2021,19645,Manual,57275,Hybrid,270,39.7,2.9
Fiesta,2015,23083,Manual,51431,Petrol,225,52.3,1.1
Fiesta,2019,8988,Automatic,25364,Petrol,238,31.6,1.2
Fiesta,2020,28500,Manual,56603,Hybrid,148,56.7,1.1
Focus,2020,14446,Manual,41674,Diesel,212,42.9,1.4
Focus,2017,24335,Manual,27425,Diesel,137,65.9,2.1
Fiesta,2022,28563,Automatic,49927,Hybrid,163,65.5,2.3
Fiesta,2021,24133,Automatic,28602,Hybrid,168,43,1.1
Fiesta,2015,9682,Manual,23253,Hybrid,235,66,2.9
Fiesta,2017,13626,Manual,51399,Hybrid,261,69.8,2.7
Focus,2018,15424,Manual,23472,Hybrid,275,63,1.6
Focus,2016,20857,Manual,49230,Petrol,215,63.8,1.2
Focus,2022,20155,Automatic,8080,Diesel,283,40,1.3
Focus,2022,25317,Manual,7099,Hybrid,164,53.1,1.3
Fiesta,2022,27982,Automatic,53078,Diesel,130,32.7,1.2
Focus,2020,19425,Automatic,25431,Hybrid,231,33.8,2
Fiesta,2018,9980,Manual,56492,Petrol,212,70,1.5
Focus,2022,23522,Automatic,31186,Petrol,208,43.1,1.7
Focus,2018,27440,Manual,47684,Petrol,277,59.9,3
Focus,2019,16984,Manual,30111,Petrol,168,62.3,2.4
Fiesta,2022,25175,Automatic,39851,Diesel,257,64.3,2.9
Focus,2016,23883,Automatic,22614,Petrol,219,69.9,1.3
Fiesta,2018,13390,Automatic,26724,Diesel,187,39.7,1.8
Focus,2018,26639,Manual,41991,Hybrid,286,31.6,2.1
Focus,2016,27994,Manual,4940,Hybrid,166,46.4,1.2
Fiesta,2022,9607,Automatic,52423,Petrol,174,35.2,1
Focus,2016,29563,Automatic,28758,Diesel,144,30.9,2.3
Fiesta,2018,14573,Manual,36224,Hybrid,103,44.4,2.3
Focus,2016,25368,Automatic,7788,Hybrid,253,61.3,1.8
Focus,2018,13776,Automatic,28082,Hybrid,254,52.6,2
Fiesta,2018,11676,Automatic,57751,Hybrid,273,42.5,1.8
Focus,2019,11380,Automatic,24034,Petrol,206,56.2,1
Focus,2015,16711,Automatic,35479,Petrol,291,39.3,1.7
Fiesta,2018,16782,Manual,11280,Petrol,150,30.6,1.4
Fiesta,2022,25434,Automatic,18052,Hybrid,149,60.6,1.2
Focus,2017,21997,Automatic,16531,Petrol,105,54.9,2.9
